,decisions,meaningful,personal_identity,Feeling_good,knowledge, not_available,uncertainty,preference,purchased,intention
0,0,0,0,0,0,0,1,0,1,0
1,1,0,1,1,0,0,0,0,1,0
2,1,0,0,0,0,0,0,1,1,0
3,1,1,1,0,0,0,0,0,1,0
4,0,1,0,1,0,1,1,1,1,0
5,1,1,1,1,0,0,0,0,2,0
6,1,1,1,0,0,0,0,0,2,0
7,0,0,0,0,0,1,1,0,1,0
8,0,1,0,0,0,0,0,1,2,0
9,0,0,0,0,0,0,0,0,2,0
10,1,1,1,1,1,1,1,1,2,1
11,0,1,1,1,1,0,1,0,2,1
12,1,1,1,1,0,0,1,1,1,0
13,1,1,0,1,0,1,0,1,1,0
14,1,1,1,0,1,0,1,0,2,0
15,0,1,0,0,0,0,0,0,1,0
16,0,0,0,0,0,0,0,0,1,0
17,1,1,1,1,1,1,1,1,2,1
18,1,1,1,0,0,0,1,1,2,1
19,1,1,1,1,0,1,1,1,1,0
20,0,0,0,0,0,1,0,0,2,0
21,1,1,1,1,1,1,1,1,2,1
22,1,1,1,1,0,0,0,1,2,1
23,1,1,1,1,0,0,1,1,1,0
24,1,1,1,1,0,0,1,0,1,0
25,1,0,1,0,0,0,1,0,1,0
26,1,1,1,1,0,0,0,1,1,1
27,1,1,0,1,0,0,0,0,2,0
28,1,1,1,1,0,0,0,1,1,0
29,1,1,1,0,0,0,0,1,1,1
30,1,1,1,1,0,0,0,0,2,0
31,1,1,1,1,1,0,0,1,2,1
32,0,1,0,0,0,0,1,0,1,0
33,1,1,1,1,1,0,0,1,2,1
34,0,1,1,1,1,1,1,0,2,1
35,1,1,0,0,0,1,0,1,2,0
36,0,0,0,0,0,0,1,0,1,0
37,1,1,0,1,1,1,0,1,2,1
38,1,1,0,0,0,0,0,1,1,0
39,1,1,1,1,1,0,0,1,2,1
40,1,1,1,0,0,0,0,0,0,0
41,1,1,1,0,0,0,1,1,2,0
42,0,0,1,1,1,0,0,1,2,1
43,1,1,1,1,0,0,1,1,1,0
44,0,0,0,0,0,0,0,0,1,0
45,1,1,1,0,0,0,1,1,2,0
46,1,1,1,1,0,0,0,1,2,1
47,1,0,0,1,0,1,1,1,2,0
48,0,1,1,0,0,1,0,1,1,0
49,1,1,1,0,0,0,0,0,1,0
50,1,1,1,1,1,1,1,0,0,0
51,1,1,1,1,0,0,0,0,1,0
52,1,0,0,0,1,0,1,1,2,0
53,1,1,1,1,1,1,0,1,1,0
54,0,0,0,0,0,0,0,0,1,0
55,1,0,0,1,0,1,0,1,1,1
56,1,0,0,1,1,1,0,0,2,0
57,0,1,0,1,1,0,1,1,2,1
58,1,1,1,1,0,0,1,1,2,1
59,0,0,0,0,1,1,1,0,2,1
60,1,1,0,0,0,0,0,1,2,1
61,1,1,1,1,0,0,1,1,1,0
62,0,0,1,1,0,1,1,0,0,0
63,1,0,1,1,0,0,1,0,2,1
64,1,1,1,1,0,0,1,1,2,1
65,1,1,1,0,0,1,1,1,1,0
66,1,1,0,1,0,0,1,1,2,1
67,1,1,1,1,0,0,1,1,1,0
68,1,1,1,0,0,0,1,0,2,0
69,1,1,1,1,0,1,1,0,1,0
70,1,1,1,1,0,0,1,0,0,0
71,0,1,0,0,0,0,1,0,1,0
72,1,1,1,0,0,0,1,0,2,0
73,1,1,1,0,1,0,0,0,2,0
74,0,1,0,1,0,0,0,0,1,0
75,1,1,1,1,0,0,1,1,2,1
76,1,1,1,1,0,0,1,1,2,1
77,1,1,1,0,0,0,1,0,1,0
78,1,1,1,1,0,0,1,1,2,0
79,0,0,0,0,1,1,1,0,0,0
80,0,0,0,0,0,0,1,0,1,0
81,1,1,1,1,0,0,1,0,0,0
82,1,1,1,0,0,0,1,0,1,0
83,1,1,1,1,1,1,1,1,2,1
84,0,0,0,0,0,0,1,0,1,0
85,1,0,1,1,1,1,1,1,2,0
86,0,1,0,0,0,0,1,0,2,0
87,1,1,1,1,1,0,0,1,2,1
88,1,1,1,0,0,1,0,1,0,0
89,1,1,1,1,0,1,1,0,1,0
90,0,1,1,1,1,0,1,1,2,1
91,1,1,1,1,0,0,1,0,2,1
92,0,0,0,0,0,1,1,0,2,0
93,1,1,1,1,0,0,1,0,0,0
94,0,0,0,1,0,0,0,0,2,0
95,1,1,1,1,0,1,1,1,1,0
96,1,1,1,1,0,0,1,1,2,1
97,0,0,0,0,0,0,1,0,1,0
98,0,0,0,0,0,1,1,0,1,0
99,1,1,1,1,1,0,1,1,2,1
100,1,1,0,1,0,0,0,0,2,1
101,1,1,1,0,0,0,1,0,1,0
102,1,1,1,1,0,0,0,0,2,0
103,0,0,0,0,0,0,0,0,1,0
104,0,0,0,1,0,1,1,0,1,0
105,1,1,1,1,1,1,1,1,2,1
106,1,1,1,0,0,0,1,0,1,0
107,1,1,1,1,0,0,0,1,1,1
108,1,1,1,1,1,0,1,0,2,1
109,1,1,0,1,1,0,0,1,2,1
110,1,1,1,1,0,0,1,1,2,1
111,1,1,1,1,1,1,1,1,1,1
112,1,1,1,1,0,1,1,0,2,0
113,1,1,1,1,1,1,1,1,1,1
114,1,0,1,1,1,0,0,0,2,0
115,0,1,1,0,0,1,1,0,1,0
116,1,1,1,1,0,1,1,0,0,0
117,1,1,1,1,0,0,1,0,1,0
118,1,1,1,1,0,1,1,1,2,0
119,0,0,0,0,0,0,0,0,0,0
120,1,1,1,1,1,0,0,1,2,1
121,0,1,1,0,0,0,0,0,2,0
122,0,1,0,1,0,0,0,1,0,0
123,1,1,1,0,0,0,1,0,2,0
124,0,1,1,1,1,0,1,1,2,1
125,0,1,1,1,1,1,0,0,0,0
126,1,1,0,1,1,1,1,0,2,1
127,0,0,0,0,0,1,0,0,0,0
128,0,1,1,1,1,1,0,1,2,1
129,0,0,0,0,0,0,0,0,0,0
130,0,0,0,0,0,0,1,0,0,0
131,1,1,1,1,1,0,0,1,2,0
132,0,0,0,0,0,0,1,0,1,0
133,0,0,0,0,0,0,1,0,1,0
134,1,1,1,1,0,0,0,1,2,1
135,0,0,1,0,1,1,0,1,0,1
136,1,1,1,1,1,1,0,1,2,1
137,1,1,1,1,0,1,1,0,1,0
138,0,0,0,0,0,0,1,0,1,0
139,0,0,0,0,0,1,1,0,0,0
140,0,0,0,0,0,1,1,0,2,0
141,1,1,1,1,1,1,0,1,2,0
142,0,1,1,1,0,0,1,0,1,0
143,1,1,1,1,1,0,0,1,2,1
144,1,1,1,1,0,0,1,0,0,0
145,1,0,1,1,1,0,0,1,2,1
146,1,1,1,1,0,1,0,0,2,0
147,1,1,1,1,1,0,1,1,2,1
148,1,1,1,1,0,1,1,1,1,0
149,1,1,1,1,0,1,1,1,0,1
150,1,0,1,1,0,0,1,1,1,0
151,1,1,1,1,1,0,1,0,2,0
152,0,1,0,0,0,0,0,0,2,0
153,1,1,1,1,1,1,1,1,2,1
154,0,1,1,1,0,0,1,0,1,0
155,1,1,1,1,0,0,1,0,1,0
156,1,1,1,1,0,0,1,0,2,0
157,0,1,0,0,0,0,1,0,1,0
158,1,1,0,0,0,0,0,0,1,0
159,1,0,1,0,0,0,1,0,0,0
160,1,1,1,0,1,0,1,1,2,1
161,1,1,1,1,0,0,0,0,2,0
162,1,1,1,1,0,0,1,1,2,1
163,0,0,1,0,0,1,1,1,0,0
164,0,1,0,1,0,1,1,0,1,0
165,1,1,1,0,0,1,1,0,1,0
166,1,1,1,1,1,0,1,1,2,1
167,1,1,1,1,0,1,0,1,1,1
168,1,1,1,1,1,1,1,1,2,1
169,0,1,0,0,0,0,0,1,2,0
170,0,0,0,0,0,0,1,0,1,0
171,1,1,1,1,0,1,1,1,0,0
172,1,1,1,1,1,0,1,1,2,1
173,0,1,0,0,0,1,1,0,1,0
174,0,0,0,1,0,0,0,0,1,0
175,1,0,0,0,0,1,0,1,0,0
176,0,0,0,0,0,0,1,0,1,0
177,1,1,0,1,0,1,1,0,1,0
178,1,1,1,0,0,0,1,0,2,1
179,0,1,0,0,0,0,1,0,1,0
180,1,1,1,1,0,0,0,1,1,1
181,1,1,1,1,0,0,0,1,1,1
182,1,1,1,1,1,0,0,1,2,1
183,1,1,1,1,1,1,1,1,2,1
184,1,1,1,1,0,1,1,0,1,0
185,1,1,1,1,0,0,1,0,2,0
186,1,1,1,1,1,0,0,0,2,0
187,0,1,0,0,0,0,0,0,1,0
188,0,0,0,0,0,0,1,0,0,0
189,1,1,1,1,1,0,1,1,2,1
190,0,0,0,0,0,0,0,0,1,0
191,1,1,1,0,0,0,1,1,2,1
192,1,1,1,1,0,0,0,0,1,0
193,0,1,1,1,0,0,1,1,2,0
194,1,1,1,1,0,1,0,1,2,1
195,1,1,1,1,1,1,1,0,1,1
196,1,1,1,1,0,0,1,1,1,1
197,0,1,0,0,0,0,0,0,0,0
198,1,1,1,1,0,0,1,1,1,0
199,0,1,0,1,1,1,1,1,2,1
200,0,1,0,0,0,0,1,0,1,0
201,1,1,1,0,0,1,1,0,1,0
202,0,1,0,1,0,0,1,1,1,0
203,1,1,1,1,0,0,0,0,1,0
204,1,0,1,1,0,0,0,0,1,0
205,0,1,0,1,0,0,0,0,1,0
206,1,1,1,1,0,0,0,1,1,0
207,1,1,1,0,1,1,1,1,1,0
208,1,1,1,1,1,0,0,0,2,0
209,1,1,1,1,0,0,1,0,1,0
210,1,1,1,0,0,0,1,1,1,0
211,1,0,1,1,0,1,1,1,2,0
212,1,1,1,1,1,1,1,1,2,0
213,0,0,0,0,0,0,0,0,2,0
214,1,1,1,1,0,1,0,1,2,1
215,0,1,1,1,0,0,1,1,1,0
216,0,1,0,1,0,0,0,0,1,0
217,0,1,1,1,0,0,1,0,2,0
218,1,1,1,1,0,0,1,1,2,1
219,1,1,0,0,0,0,0,0,2,0
220,1,1,0,1,0,1,1,1,2,1
221,1,1,1,0,0,1,1,1,1,0
222,1,1,1,1,0,1,1,1,1,0
223,1,1,1,1,0,0,1,0,1,0
224,0,0,0,0,0,0,1,0,1,0
225,1,0,1,1,0,1,0,1,2,0
226,0,1,0,0,0,1,1,0,1,0
227,1,1,1,1,0,0,1,1,2,0
228,0,0,0,0,0,0,1,1,2,0
229,1,1,1,1,0,1,1,0,2,0
230,1,1,0,1,1,1,0,0,1,0
231,1,0,0,0,0,0,1,1,2,0
232,1,1,1,1,0,0,1,1,1,0
233,1,1,1,1,0,0,1,1,1,0
234,1,1,1,1,1,0,1,1,1,1
235,0,0,0,1,0,0,1,1,2,0
236,0,0,0,0,0,0,0,0,2,0
237,0,1,0,0,0,1,1,0,1,0
238,1,1,1,0,0,0,0,0,1,0
239,0,1,0,0,0,0,0,0,2,1
240,0,1,0,0,0,1,1,0,1,0
241,1,1,0,0,0,1,1,0,1,0
242,1,1,1,1,0,0,1,1,2,1
243,1,1,0,0,0,0,1,0,2,0
244,1,1,1,1,1,1,1,1,2,1
245,0,1,1,0,0,0,1,0,1,0
246,1,1,1,0,0,1,0,1,1,0
247,0,1,1,1,0,0,1,1,2,0
248,1,1,1,1,1,0,0,1,2,1
249,1,1,1,0,1,0,1,0,2,0
250,1,1,0,1,0,1,1,0,0,0
251,0,1,0,0,0,0,0,0,0,0
252,1,1,1,1,1,0,0,1,2,1
253,1,1,1,1,1,0,1,1,2,1
254,0,1,0,0,0,0,1,1,1,0
255,1,1,1,1,0,0,1,0,1,0
256,1,1,1,1,0,0,1,0,1,0
257,0,0,0,0,0,1,1,0,1,0
258,0,0,0,0,0,0,0,0,2,0
259,1,1,0,1,0,1,1,0,2,1
260,0,1,1,0,0,0,1,0,1,0
261,1,1,1,1,0,1,1,1,1,1
262,0,1,0,0,0,0,1,0,1,0
263,1,1,1,1,0,0,1,0,1,0
264,1,1,1,1,0,0,0,1,2,1
265,0,0,0,0,0,0,0,0,1,0
266,1,1,1,1,1,1,1,1,2,1
267,1,1,0,0,0,0,1,0,1,0
268,1,1,1,1,0,1,0,1,2,0
269,0,0,0,0,0,0,1,0,1,0
270,0,1,1,1,0,1,1,0,1,0
271,0,1,1,1,0,1,1,1,1,0
272,1,0,0,0,1,0,1,1,0,0
273,1,1,1,0,0,0,0,0,1,0
274,0,1,0,0,0,0,1,0,1,0
275,0,0,0,0,0,0,1,0,1,0
276,1,1,0,0,0,0,1,0,2,0
277,1,1,0,1,0,1,1,0,0,0
278,1,1,1,1,1,0,0,1,2,1
279,1,1,1,1,0,1,0,1,0,0
280,1,1,1,1,1,0,0,1,2,1
281,1,1,0,0,0,0,1,0,1,0
282,1,1,1,0,1,1,1,1,2,1
283,0,1,0,0,0,1,1,0,0,1
284,0,1,0,0,0,0,0,0,1,0
285,0,0,0,0,0,0,1,0,0,0
286,0,0,0,0,0,1,1,0,1,0
287,0,1,1,1,1,0,0,1,2,1
288,1,1,1,1,0,1,0,1,2,0
289,1,1,0,0,0,0,0,0,1,0
290,1,1,1,1,1,0,1,1,2,1
291,1,1,1,1,1,0,1,1,2,1
292,0,1,0,0,0,0,1,0,1,0
293,1,1,1,1,0,0,0,0,1,0
294,0,0,0,0,0,0,1,0,1,0
295,0,1,1,0,0,0,1,0,1,0
296,0,1,0,0,0,0,1,0,0,0
297,1,1,1,1,1,0,1,1,1,0
298,1,1,1,1,1,0,0,1,2,1
299,0,1,0,0,0,0,1,0,2,0
300,1,1,1,1,0,0,1,1,1,1
301,1,1,1,1,0,0,0,0,1,0
302,1,1,0,1,0,0,0,0,1,0
303,0,0,0,0,0,1,1,0,1,0
304,0,0,0,0,0,1,1,0,2,0
305,1,0,0,1,0,1,0,0,1,0
306,0,1,0,0,0,0,0,0,1,0
307,0,1,1,1,0,0,0,1,2,0
308,1,1,1,0,0,1,1,1,1,0
309,1,1,1,1,0,1,0,1,2,0
310,1,0,0,0,0,1,1,0,1,0
311,0,1,1,0,0,1,1,0,2,0
312,1,0,1,0,0,1,1,0,1,0
313,0,1,1,0,0,0,0,0,1,0
314,1,1,1,1,0,0,1,0,2,0
315,0,1,1,1,0,1,1,0,1,0
316,0,0,0,0,0,1,1,0,0,0
317,1,1,1,1,0,0,0,1,2,1
318,1,1,1,1,1,0,1,1,0,0
319,1,1,0,0,0,0,1,0,1,0
320,0,1,0,1,0,0,1,1,1,0
321,1,1,1,1,0,1,1,1,1,0
322,0,0,0,0,0,0,1,0,1,0
323,0,0,1,0,0,0,1,0,1,0
324,0,1,0,1,0,0,1,0,1,0
325,1,1,1,1,0,0,0,1,1,0
326,1,1,1,0,0,1,1,0,2,0
327,1,1,1,1,0,0,1,0,1,0
328,1,1,1,1,0,0,1,0,2,0
329,0,0,0,1,0,0,1,0,2,0
330,0,1,1,1,0,0,0,1,1,0
331,0,1,1,1,0,0,1,0,0,0
332,0,1,1,1,0,1,0,1,1,0
333,0,1,0,0,0,0,0,0,0,0
334,0,1,0,0,0,0,1,0,1,0
335,1,1,1,1,1,0,0,1,2,1
336,1,1,0,0,0,0,1,0,1,0
337,0,1,0,0,0,0,0,0,2,0
338,0,0,0,0,0,0,1,0,1,0
339,1,1,0,0,0,0,1,0,1,0
340,1,1,1,0,0,1,0,1,2,0
341,0,0,1,0,0,0,1,0,0,0
342,0,1,0,1,0,1,1,0,1,0
343,0,1,0,0,0,1,1,0,0,0
344,0,0,1,0,0,0,0,1,2,0
345,0,1,1,1,0,0,1,0,1,1
346,0,1,1,1,0,1,1,0,0,0
347,1,1,1,0,0,1,1,0,1,0
348,1,1,1,1,1,0,0,1,2,1
349,0,1,0,0,0,1,1,0,1,0
350,1,1,1,1,0,0,1,1,2,1
351,0,0,0,0,0,1,1,0,0,0
352,0,1,0,1,0,1,0,0,1,0
353,1,1,1,1,1,0,0,1,2,1
354,1,1,1,0,0,0,1,0,1,0
355,1,1,1,0,0,0,1,1,2,1
356,1,1,1,0,0,0,1,0,1,1
357,0,1,1,1,0,0,1,0,1,0
358,0,0,1,0,0,0,1,0,1,0
359,1,1,1,1,0,0,1,1,1,1
360,1,0,0,0,0,0,0,0,2,0
361,1,1,1,1,0,0,1,0,0,0
362,1,1,0,0,0,1,1,0,1,0
363,0,0,0,0,0,0,1,0,1,0
364,1,1,1,1,0,0,0,1,2,0
365,0,0,0,0,0,1,1,0,0,0
366,1,1,1,1,0,0,1,1,2,0
367,0,0,0,0,0,1,1,0,1,0
368,0,1,1,1,1,1,0,0,1,1
369,0,1,0,1,0,0,1,1,1,0
370,1,1,1,1,1,0,0,1,2,1
371,1,1,1,0,0,0,0,1,2,1
372,1,1,1,1,0,0,0,1,2,0
373,1,1,1,0,0,0,1,1,1,0
374,0,1,0,0,0,0,1,0,0,0
375,1,1,1,0,0,0,1,1,1,1
376,1,1,1,1,0,1,1,1,2,0
377,1,1,0,1,0,0,1,0,1,0
378,1,1,1,1,1,0,0,1,2,1
379,0,1,0,1,0,0,1,0,1,0
380,1,1,1,1,0,0,1,0,1,0
381,1,0,1,1,1,0,0,1,1,1
382,1,1,0,0,0,0,1,1,0,0
383,1,1,1,1,0,0,0,1,2,1
384,0,0,1,0,0,1,0,1,2,0
385,1,1,1,1,1,0,1,0,1,1
386,1,1,1,1,0,0,0,1,2,0
387,0,0,0,1,0,0,0,0,2,0
388,1,1,0,0,0,1,1,0,1,0
389,1,1,1,0,1,0,1,1,2,1
390,0,0,0,0,0,1,1,0,0,0
391,1,1,1,1,0,1,1,0,1,0
392,0,1,1,1,0,0,1,1,1,0
393,0,0,0,0,0,0,1,0,1,0
394,0,1,1,1,0,0,1,1,2,1
395,1,1,1,0,1,0,0,1,2,0
396,0,0,0,0,0,0,0,0,0,0
397,1,0,1,1,1,1,1,1,2,1
398,1,1,1,1,0,0,1,0,0,0
399,1,1,1,1,0,0,1,0,1,0
400,0,1,0,1,0,0,1,0,0,0
401,1,1,1,1,0,0,0,1,0,1
402,1,1,1,1,1,0,0,1,2,1
403,1,1,1,0,0,0,1,0,1,1
404,1,0,1,0,0,0,0,0,2,0
405,1,1,1,0,0,0,1,0,1,0
406,1,1,1,1,0,0,0,1,1,0
407,0,0,0,0,0,0,1,0,1,0
408,1,1,1,1,0,1,1,1,1,0
409,1,1,1,1,0,0,1,0,1,0
410,0,1,1,1,0,0,1,0,2,0
411,0,1,0,0,0,1,1,0,1,0
412,1,1,1,1,0,1,1,0,1,0
413,0,1,0,0,0,0,1,0,1,0
414,1,1,0,1,0,0,1,0,0,0
415,1,1,1,1,0,0,0,1,1,1
416,1,1,1,1,0,0,1,0,1,0
417,1,1,1,1,1,0,1,1,2,1
418,0,1,1,1,0,0,1,0,1,0
419,1,1,1,1,1,0,0,0,2,0
420,0,0,0,0,0,0,0,0,1,0
421,0,0,0,0,0,1,1,0,1,0
422,1,1,0,0,0,1,1,0,0,0
423,1,1,1,1,0,0,1,1,1,0
424,1,1,1,1,0,0,0,1,2,1
425,1,1,1,1,0,0,0,0,0,0
426,1,1,1,1,1,1,1,1,2,1
427,1,1,1,1,0,0,0,1,2,1
428,1,1,1,1,0,0,1,0,1,0
429,0,0,0,0,0,1,1,0,1,0
430,0,0,0,0,0,0,0,0,0,0
431,1,1,1,1,0,0,1,0,2,0
432,0,1,1,1,0,1,1,1,1,1
433,1,1,0,1,0,0,0,0,2,0
434,1,1,1,1,0,0,0,0,1,0
435,1,1,1,0,0,1,1,0,1,0
436,1,1,1,0,0,0,1,0,1,0
437,1,1,1,0,0,0,1,0,1,0
438,1,1,1,1,1,0,1,1,2,0
439,0,1,1,0,0,0,1,1,1,0
440,1,1,1,1,0,0,0,0,1,0
441,1,1,1,1,1,0,0,0,2,1
442,1,1,1,1,0,0,0,0,0,0
443,0,1,0,0,0,0,1,0,1,0
444,0,0,0,0,0,0,1,0,1,0
445,0,1,1,0,0,1,0,0,1,0
446,0,0,0,1,0,0,0,0,1,0
447,0,0,0,0,0,0,1,0,1,0
448,0,1,1,1,0,0,1,1,2,1
449,0,0,0,0,0,1,1,0,0,0
450,0,1,0,0,0,1,1,0,1,0
451,1,0,1,1,0,1,1,1,1,1
452,1,1,1,1,0,1,0,0,1,0
453,1,1,1,0,0,1,1,1,1,0
454,1,1,1,1,1,0,0,1,2,1
455,1,1,1,0,0,0,0,0,2,0
456,1,1,0,0,0,1,1,0,1,0
457,0,1,1,1,0,0,0,0,2,0
458,1,1,1,1,0,1,1,0,1,0
459,1,1,1,1,0,0,1,1,2,1
460,0,1,0,1,0,0,1,0,1,0
461,1,1,1,1,0,0,0,0,1,0
462,0,0,0,0,0,0,0,0,2,0
463,1,1,1,0,0,1,1,0,1,0
464,1,1,1,1,1,1,0,0,2,0
465,1,1,0,0,0,0,0,0,1,0
466,0,0,0,0,0,0,1,0,0,0
467,0,0,0,0,0,0,0,0,1,0
468,1,1,0,0,0,0,0,1,0,0
469,1,1,1,0,0,1,1,1,1,0
470,1,1,0,0,0,1,1,0,0,0
471,1,1,1,1,1,0,0,1,2,1
472,0,1,0,0,0,0,1,0,0,0
473,1,1,1,1,1,1,1,1,2,1
474,1,1,1,1,0,0,1,1,2,0
475,1,1,1,0,0,1,1,0,1,0
476,0,0,0,0,0,0,0,0,1,0
477,1,1,1,0,0,0,0,0,1,0
478,0,0,1,1,0,1,0,0,1,0
479,1,1,1,0,0,0,1,0,0,0
480,1,0,0,0,0,0,0,0,2,0
481,0,0,0,0,0,1,0,0,0,0
482,0,1,1,0,0,0,0,0,1,0
483,0,1,1,0,0,1,1,0,1,0
484,1,1,1,1,1,1,1,1,2,0
485,1,1,1,1,1,0,0,1,2,1
486,1,1,0,0,0,0,1,0,0,0
487,1,1,1,1,0,1,1,0,0,0
488,1,1,1,0,0,0,0,1,1,1
489,1,1,1,1,1,0,0,1,2,1
490,1,1,1,1,0,0,0,0,2,0
491,0,1,0,0,0,1,1,0,1,0
492,1,0,1,1,0,0,1,0,1,0
493,0,1,0,0,0,0,1,0,1,0
494,0,1,1,0,0,0,1,0,1,0
495,1,1,1,1,1,0,1,1,2,1
496,1,1,0,0,0,0,0,0,0,0
497,1,1,1,1,0,0,1,0,1,0
498,1,1,1,0,0,0,1,0,1,0
499,0,1,0,0,0,0,0,0,1,0
500,1,1,1,1,0,0,1,0,1,0
501,0,1,1,0,0,0,0,0,1,0
502,1,1,1,1,0,0,0,1,2,1
503,1,1,1,1,1,0,0,1,2,0
504,0,1,1,0,0,0,0,1,1,0
505,1,1,1,1,0,0,0,1,2,1
506,1,1,1,0,0,0,1,1,2,1
507,1,1,1,1,0,1,1,1,1,0
508,0,0,0,0,0,0,1,0,1,0
509,0,0,1,0,0,1,1,1,1,0
510,0,1,0,0,0,1,1,0,1,0
511,0,0,0,0,0,0,1,0,2,0
512,1,1,1,1,0,0,1,1,2,0
513,1,0,1,0,0,0,1,0,1,0
514,0,0,0,0,0,1,1,0,0,0
515,1,1,1,1,1,0,1,1,2,0
516,1,1,1,1,1,1,0,1,1,1
517,0,1,1,1,0,0,1,0,0,0
518,1,1,1,1,0,1,1,1,1,0
519,0,1,0,1,0,0,0,0,1,0
520,0,1,0,0,0,0,1,0,1,0
521,1,1,1,1,1,0,1,1,2,1
522,0,1,1,1,0,1,1,0,1,0
523,1,1,1,0,0,0,1,1,1,0
524,1,1,1,1,0,0,1,0,2,0
525,1,1,1,1,1,0,0,1,2,1
526,0,0,0,0,0,1,1,0,1,0
527,0,0,0,0,0,0,0,0,1,0
528,0,0,0,0,0,1,1,0,2,0
529,1,1,1,1,1,0,0,1,2,1
530,1,1,1,1,0,0,0,1,2,1
531,1,1,1,0,0,0,0,0,2,0
532,1,1,1,0,0,1,1,1,1,0
533,0,0,0,0,0,0,0,0,1,0
534,1,1,1,1,0,0,1,1,2,1
535,0,1,1,0,0,0,1,0,0,0
536,0,1,1,1,0,0,1,0,1,0
537,1,1,1,1,0,1,1,1,2,0
538,1,1,1,1,0,0,1,0,1,0
539,1,1,1,1,1,1,1,1,1,1
540,1,1,1,1,0,0,0,0,1,0
541,1,0,1,1,0,0,1,0,1,0
542,1,1,1,0,0,0,1,1,2,1
543,0,0,1,1,0,0,1,0,1,0
544,0,0,0,0,0,1,1,0,1,0
545,1,1,1,1,0,0,0,1,2,0
546,1,1,1,1,0,0,1,1,1,0
547,1,1,1,1,0,0,1,0,0,0
548,0,0,0,0,0,0,0,0,1,0
549,1,1,0,0,0,0,1,0,0,0
550,1,1,1,1,0,0,0,0,1,0
551,0,1,0,0,0,0,0,0,2,0
552,1,0,1,0,0,0,1,1,2,0
553,1,0,0,0,0,0,1,1,2,0
554,1,1,1,1,0,0,1,0,1,0
555,1,1,1,1,0,0,1,1,2,1
556,1,1,1,1,0,0,0,1,1,0
557,1,1,1,1,1,0,1,1,2,1
558,0,1,0,0,0,0,1,0,1,0
559,1,1,1,1,0,0,1,0,1,0
560,1,1,1,1,0,0,1,1,1,0
561,1,1,1,1,0,0,1,1,2,1
562,0,1,0,1,0,0,0,0,1,0
563,0,1,0,0,0,0,1,0,1,0
564,1,1,1,1,0,0,1,1,2,1
565,0,0,0,0,0,0,1,1,1,0
566,1,1,0,0,0,1,1,0,2,0
567,1,1,0,1,0,0,0,0,1,0
568,0,1,1,1,0,0,1,1,1,0
569,0,1,0,0,0,0,1,0,1,0
570,0,0,0,0,0,0,1,1,1,0
571,1,1,1,1,1,0,0,0,2,1
572,1,1,1,1,0,0,1,1,0,0
573,1,1,1,1,0,0,0,0,1,0
574,1,1,1,0,0,0,1,0,1,0
575,0,1,0,0,0,0,1,0,1,0
576,1,1,1,1,1,0,0,1,2,0
577,1,1,1,1,0,1,1,1,1,0
578,1,1,1,1,1,1,1,1,1,1
579,0,1,0,0,0,1,0,0,2,0
580,0,0,0,0,0,0,1,0,0,0
581,0,1,1,1,0,0,0,0,1,0
582,0,0,0,0,0,0,0,0,1,0
583,1,1,0,0,0,0,1,0,1,0
584,1,1,1,1,0,1,1,0,1,0
585,1,1,1,1,0,0,1,1,2,1
586,1,1,1,0,0,0,0,0,1,0
587,1,1,1,1,0,1,1,0,1,0
588,1,1,1,1,1,0,1,1,2,1
589,1,1,1,1,1,1,1,1,2,1
590,1,0,1,0,0,0,0,0,1,0
591,0,1,1,0,0,0,1,0,1,0
592,1,1,0,0,0,0,1,0,1,0
593,1,1,0,1,0,1,1,1,2,0
594,1,1,1,0,0,0,0,1,1,1
595,1,1,1,0,0,0,1,1,1,1
596,1,1,1,1,0,0,0,1,2,0
597,1,1,1,0,0,0,0,0,1,0
598,1,1,1,1,1,0,1,0,2,0
599,1,1,1,1,0,0,1,1,2,1
600,0,1,1,0,0,1,0,0,2,0
601,1,1,1,1,0,1,1,0,1,0
602,0,1,0,0,0,1,0,0,1,0
603,0,0,0,0,0,1,1,0,0,0
604,1,1,1,0,1,0,1,1,2,1
605,0,1,0,0,0,0,1,0,2,0
606,1,1,1,0,0,0,1,1,2,1
607,0,1,1,1,0,1,1,0,0,0
608,0,1,1,0,0,1,1,0,1,0
609,1,1,1,0,0,1,0,1,1,0
610,1,1,1,0,0,0,1,1,2,0
611,1,1,1,0,0,1,1,0,1,0
612,1,1,1,1,0,0,0,0,1,0
613,1,1,1,1,1,0,1,0,2,0
614,1,1,1,0,1,0,1,1,2,1
615,0,0,0,0,0,0,1,0,0,1
616,1,1,1,1,0,0,1,0,2,0
617,1,1,0,0,0,1,1,0,1,0
618,1,0,1,0,0,1,1,1,2,1
619,0,1,0,1,1,0,0,0,2,1
620,1,0,1,1,0,1,1,1,2,1
621,1,0,1,1,0,0,0,0,2,0
622,1,0,1,1,0,1,1,1,1,1
623,0,1,1,0,0,1,1,0,1,0
624,1,1,1,1,0,1,1,0,2,0
625,0,1,1,0,0,0,0,0,2,1
626,1,1,1,1,1,1,1,1,2,1
627,0,0,0,0,0,0,0,0,1,0
628,1,1,1,1,0,1,1,0,1,0
629,0,1,0,0,0,0,0,0,1,0
630,0,0,1,0,0,0,0,0,1,0
631,1,1,1,0,0,0,0,1,2,0
632,0,1,0,0,0,1,0,0,2,0
633,0,1,1,0,0,0,1,1,1,0
634,1,1,1,0,0,0,1,0,1,1
635,1,1,1,1,0,0,1,1,1,0
636,1,1,1,1,0,0,1,1,1,1
637,0,1,0,1,0,0,0,1,0,0
638,0,1,1,0,0,0,1,0,0,0
639,1,1,1,1,0,0,0,1,0,0
640,0,1,0,0,0,1,1,0,1,0
641,1,1,1,1,1,1,1,1,2,0
642,0,0,0,0,0,0,0,0,0,0
643,0,1,0,0,0,0,1,0,1,0
644,1,1,1,1,0,1,1,0,2,0
645,0,0,0,0,0,0,1,0,1,0
646,1,1,1,0,0,0,0,0,1,0
647,0,0,0,0,0,0,0,0,1,0
648,0,1,1,1,1,1,1,1,0,0
649,1,1,1,1,0,1,1,0,0,0
650,0,1,1,1,0,0,1,0,2,1
651,0,1,1,1,0,0,1,0,1,0
652,1,1,1,1,1,0,1,1,2,1
653,1,1,1,1,0,0,0,1,2,1
654,1,1,1,1,1,1,0,1,2,1
655,1,1,1,1,1,0,1,1,2,1
656,1,1,1,1,0,1,0,1,2,1
657,0,1,1,1,0,0,1,1,1,0
658,1,1,1,1,0,1,0,1,2,1
659,1,1,1,1,0,1,0,1,2,1
660,1,1,1,1,1,0,1,1,2,1
661,1,1,1,1,1,0,1,0,2,0
662,1,1,1,1,1,1,1,1,2,1
663,1,1,1,1,1,1,1,1,2,1
664,1,1,1,0,1,1,0,1,2,1
665,1,1,1,0,0,0,1,1,2,1
666,1,1,1,0,1,1,1,1,2,1
667,1,1,1,1,1,1,1,1,2,0
668,1,1,1,1,1,0,0,1,2,1
669,1,1,1,0,0,0,1,1,2,1
670,1,1,1,0,0,1,1,1,2,0
671,1,1,1,0,0,0,1,1,2,1
672,1,1,1,1,0,0,1,1,2,1
673,1,1,1,1,0,1,1,1,1,0
674,1,1,1,1,1,0,1,1,2,1
675,0,1,1,1,0,0,1,1,2,0
676,1,1,1,1,1,0,1,1,2,1
677,1,1,1,1,0,0,1,1,2,0
678,1,1,1,1,0,0,1,1,2,1
679,1,1,1,1,0,1,0,1,1,1
680,1,1,1,1,1,1,1,1,2,1
681,1,1,1,1,0,0,0,1,2,1
682,0,1,1,1,0,1,1,1,0,0
683,1,1,1,1,0,1,0,1,1,1
684,1,1,1,1,0,0,1,1,2,1
685,1,1,1,1,1,0,1,1,2,1
686,1,1,1,1,1,1,1,1,2,1
687,1,1,1,1,1,0,1,1,2,1
688,1,1,1,0,0,0,1,1,2,1
689,1,1,1,1,0,0,1,1,2,1
690,0,1,0,0,0,0,1,1,1,0
691,1,1,1,0,1,1,0,1,2,1
692,1,1,1,0,1,1,1,1,2,1
693,1,1,1,1,0,1,1,1,2,1
694,0,1,1,1,0,1,1,1,2,1
695,1,1,1,1,1,1,1,1,2,1
696,1,1,1,1,0,1,0,0,1,0
697,1,1,1,1,0,0,0,0,1,0
698,0,1,1,0,0,0,1,1,2,0
699,1,1,1,0,0,1,0,1,2,1
700,1,1,1,0,1,0,1,1,2,1
701,1,1,1,1,0,0,1,1,2,0
702,1,1,1,0,0,1,1,1,1,1
703,1,1,1,0,1,1,1,1,2,1
704,1,1,1,0,0,0,1,1,2,1
705,0,0,0,0,0,1,0,1,0,0
706,0,1,1,1,0,1,1,0,1,0
707,1,1,1,1,0,1,0,1,1,1
708,1,1,1,1,0,0,1,1,1,0
709,1,1,1,1,0,1,1,1,2,1
710,1,1,1,1,1,0,0,1,2,1
711,1,1,1,1,0,1,0,0,2,0
712,0,1,1,0,0,1,1,1,2,0
713,1,1,1,1,0,1,1,1,2,1
714,1,1,1,0,1,0,1,0,2,0
715,1,1,1,1,0,1,0,1,1,1
716,1,1,1,1,0,0,0,0,1,1
717,1,1,1,1,1,0,1,0,1,1
718,1,1,1,1,0,1,0,0,1,1
719,1,1,1,1,1,0,1,1,2,1
720,1,1,1,1,0,1,1,1,2,0
721,0,0,0,0,1,1,1,0,0,0
722,1,1,1,1,1,1,1,1,2,1
723,0,1,1,0,0,1,1,0,1,0
724,1,1,1,1,0,0,1,1,2,1
725,0,1,1,1,0,1,0,1,2,0
726,1,1,1,1,0,1,1,1,2,1
727,0,1,1,1,0,1,1,0,1,0
728,1,1,1,1,0,1,1,1,1,0
729,1,1,1,0,1,1,0,1,2,1
730,1,1,1,1,0,0,1,1,2,1
731,1,1,1,0,0,1,1,1,0,1
732,0,1,1,1,0,0,1,1,1,0
733,1,1,1,1,0,0,1,1,2,1
734,1,1,1,1,0,1,0,1,1,0
735,1,1,1,1,1,1,1,0,2,1
736,1,1,1,1,0,0,1,1,0,1
737,1,1,1,1,1,0,1,1,2,1
738,1,1,1,1,1,0,0,1,2,1
739,1,1,1,1,0,1,0,1,2,0
740,1,1,0,0,0,0,1,0,2,1
741,1,1,1,1,0,0,1,0,2,1
742,0,1,1,1,0,0,1,1,2,0
743,1,1,1,1,0,1,0,1,2,1
744,1,1,1,1,1,1,0,1,2,1
745,1,1,1,1,1,0,1,1,2,1
746,1,1,1,1,0,1,1,1,2,1
747,1,1,1,1,1,0,0,1,2,0
748,1,1,1,0,0,0,1,0,2,1
749,1,1,1,1,0,1,1,1,2,1
750,1,1,1,1,1,1,1,1,2,1
751,1,1,1,0,0,0,1,1,1,1
752,1,1,1,1,0,1,1,1,2,1
753,1,1,1,1,0,0,1,1,2,1
754,1,1,1,1,1,1,1,1,2,1
755,1,1,1,0,1,1,1,1,2,1
756,1,1,0,0,1,1,1,1,1,0
757,1,1,1,0,0,1,1,1,2,1
758,1,1,1,0,0,0,1,1,0,1
759,1,1,1,1,0,1,1,1,2,0
760,1,1,1,1,1,1,1,1,2,1
761,1,1,1,1,1,1,1,1,1,1
762,1,1,1,1,0,0,1,1,2,1
763,1,1,1,0,0,1,1,1,1,1
764,1,1,1,1,0,0,1,1,2,1
765,1,1,1,1,0,0,1,1,2,1
766,1,1,1,1,0,0,0,1,2,1
767,1,1,1,0,1,1,1,1,2,1
768,1,1,1,1,1,1,0,1,2,1
769,0,1,1,0,0,0,1,1,2,0
770,1,1,1,1,1,0,1,1,2,1
771,0,1,0,1,0,1,1,1,1,0
772,1,1,1,0,1,1,0,1,2,1
773,1,1,1,1,0,0,1,1,1,1
774,1,1,1,0,0,0,1,1,2,0
775,1,1,1,1,1,1,1,1,2,1
776,1,1,1,1,0,0,1,1,1,0
777,0,1,1,0,0,1,1,1,1,0
778,1,1,1,1,0,0,0,1,2,0
779,1,1,1,0,0,0,0,1,1,0
780,1,1,1,1,0,0,1,1,1,0
781,1,1,1,1,0,0,0,1,0,1
782,1,1,1,1,0,0,0,1,2,1
783,1,1,1,1,1,0,0,1,2,1
784,1,1,1,1,0,1,1,1,2,1
785,1,1,1,1,1,0,0,1,2,1
786,1,1,1,1,1,1,1,1,0,0
787,1,1,1,1,0,0,1,1,2,1
788,1,1,1,1,0,0,0,1,2,1
789,1,1,1,1,1,0,1,1,2,1
790,1,1,1,1,1,0,1,1,2,1
791,1,1,1,0,1,0,1,1,2,0
792,1,0,0,1,0,1,1,0,0,0
793,1,1,1,0,0,0,1,1,2,0
794,1,1,1,1,0,1,1,1,1,0
795,1,1,1,1,1,0,0,1,2,1
796,0,1,1,0,0,0,1,0,1,0
797,1,1,1,1,1,0,1,1,2,1
798,1,1,0,0,0,1,0,0,1,0
799,1,1,1,1,0,1,1,1,2,0
800,0,1,1,1,0,1,1,1,0,0
801,0,1,0,0,0,0,1,1,1,0
802,1,1,1,1,0,0,1,1,2,1
803,1,1,1,0,1,1,1,1,2,1
804,1,1,1,1,1,0,0,1,2,1
805,1,1,1,1,1,1,1,1,2,1
806,1,1,1,1,0,1,1,1,2,1
807,0,1,0,0,0,0,1,1,0,1
808,1,1,1,1,0,1,1,1,2,1
809,1,1,1,1,0,0,1,0,2,0
810,0,1,1,1,0,0,1,0,1,0
811,1,1,1,1,1,1,1,1,2,0
812,1,1,1,1,0,0,1,0,1,0
813,1,1,1,1,1,1,0,1,2,1
814,1,1,1,1,0,1,1,1,1,0
815,1,1,1,1,0,1,1,1,2,1
816,1,1,1,1,0,1,1,1,1,1
817,0,1,1,0,0,1,1,0,1,0
818,1,1,1,1,1,0,1,1,2,1
819,1,1,1,0,1,0,1,1,2,0
820,1,1,1,1,0,0,1,1,1,1
821,0,1,1,1,0,0,1,0,1,0
822,1,0,1,0,0,1,1,1,1,0
823,1,1,1,1,1,0,1,0,2,1
824,1,1,1,1,0,1,1,1,2,1
825,1,1,1,1,0,0,0,1,1,1
826,1,1,1,1,1,0,1,1,1,0
827,0,1,0,1,0,0,1,1,2,0
828,1,1,1,1,0,0,1,1,1,0
829,1,1,1,1,0,0,0,1,2,1
830,1,1,1,1,0,1,1,0,1,0
831,1,1,1,0,1,0,0,1,2,0
832,1,1,1,1,0,0,1,0,2,0
833,1,1,1,1,0,0,1,0,1,1
834,1,1,1,1,0,1,1,1,2,1
835,1,1,1,1,0,0,1,1,2,1
836,0,1,1,1,0,0,0,1,1,1
837,1,1,1,0,0,1,1,0,2,1
838,1,1,1,1,0,0,1,1,1,1
839,1,1,1,1,0,1,1,1,1,0
840,1,1,1,1,0,1,1,1,2,1
841,1,1,1,1,0,0,1,1,1,0
842,1,1,1,0,0,1,1,1,0,1
843,1,1,1,1,0,1,1,1,2,1
844,1,1,1,0,0,0,1,1,2,1
845,1,1,1,0,0,0,1,0,2,1
846,1,1,1,1,0,1,1,1,2,1
847,1,1,1,1,0,1,1,1,2,0
848,1,1,1,1,0,1,1,1,2,1
849,0,0,1,0,0,0,0,1,1,0
850,1,1,1,1,0,1,1,1,2,1
851,1,1,1,0,1,0,0,1,2,1
852,1,1,1,1,1,0,1,1,2,1
853,1,1,0,1,0,0,1,1,2,0
854,1,1,1,1,0,1,1,1,2,1
855,1,1,1,1,0,0,1,1,2,1
856,1,1,1,1,1,0,1,1,2,0
857,1,1,1,1,0,0,1,1,2,1
858,1,1,1,1,1,1,1,1,2,1
859,1,1,1,1,0,1,1,1,2,1
860,1,1,1,0,0,0,1,1,1,0
861,0,1,1,1,0,0,1,0,1,0
862,1,1,1,1,1,0,0,1,2,1
863,1,1,1,1,0,0,1,1,2,0
864,1,1,1,1,1,0,0,1,2,1
865,1,1,1,1,0,0,1,0,2,0
866,1,1,1,0,0,0,1,1,0,0
867,1,1,1,0,0,0,1,1,2,0
868,1,1,1,1,0,0,1,0,1,0
869,1,1,1,1,0,1,1,1,2,1
870,0,1,0,1,0,1,1,0,1,0
871,1,1,1,1,1,0,0,1,2,1
872,1,1,1,1,0,0,1,1,1,1
873,1,1,1,1,1,1,1,0,2,1
874,1,1,1,1,0,1,0,1,2,0
875,1,1,1,1,1,1,1,1,2,1
876,0,1,1,1,0,1,1,1,1,0
877,0,1,1,1,0,0,0,1,1,0
878,0,1,1,1,0,1,1,0,1,0
879,1,1,1,0,0,0,1,1,2,0
880,1,1,1,0,1,1,1,1,2,0
881,1,1,1,1,0,1,1,1,2,1
882,1,1,1,1,0,1,0,1,2,1
883,1,1,1,1,1,0,1,1,2,1
884,1,1,1,0,1,0,1,1,2,0
885,1,1,1,1,1,1,1,1,1,0
886,1,1,1,1,1,0,0,1,2,1
887,1,1,1,1,1,1,1,1,1,1
888,0,1,1,1,0,0,1,1,2,0
889,1,1,0,0,0,1,1,1,2,1
890,1,1,1,1,0,1,1,1,1,1
891,1,1,1,1,1,1,0,1,2,1
892,1,1,1,1,0,1,1,1,2,1
893,1,1,1,1,1,1,1,1,2,0
894,0,1,1,1,0,0,1,1,1,0
895,1,1,1,1,0,0,1,0,2,0
896,1,1,1,1,1,1,0,1,2,1
897,0,1,1,0,0,1,0,1,1,0
898,1,1,1,1,0,0,1,1,2,1
899,1,1,1,1,0,0,0,0,1,0
900,1,1,1,0,1,1,0,1,2,1
901,1,1,1,0,0,1,1,1,1,0
902,1,1,1,1,0,0,0,1,1,0
903,1,1,1,1,0,1,1,1,2,0
904,1,1,1,1,1,0,0,1,2,0
905,0,1,1,1,0,0,0,1,0,1
906,0,1,1,0,0,1,1,1,1,0
907,0,1,0,0,0,0,1,1,1,0
908,1,1,1,0,0,0,1,1,1,0
909,1,1,1,0,0,0,1,1,2,0
910,1,1,1,0,0,1,1,1,2,1
911,1,1,1,1,1,0,0,1,2,0
912,1,1,1,1,1,1,0,1,2,1
913,1,1,1,1,0,0,1,1,2,0
914,1,1,1,0,1,0,0,1,2,1
915,1,1,1,0,1,0,0,1,2,1
916,1,1,1,1,0,0,1,1,1,1
917,0,1,1,1,0,0,1,1,1,0
918,1,1,1,1,0,0,1,1,0,1
919,0,1,0,1,0,0,1,1,2,0
920,1,1,1,1,0,0,1,1,2,0
921,0,1,1,0,0,0,1,1,2,0
922,1,1,1,1,0,0,0,1,2,1
923,1,1,1,1,1,1,0,1,2,1
924,0,1,1,0,0,0,1,0,1,0
925,0,1,1,1,0,1,1,1,1,1
926,1,1,1,0,0,1,0,1,2,1
927,0,1,1,0,0,0,1,1,1,1
928,1,1,1,1,1,1,1,1,2,1
929,0,1,0,1,0,1,0,0,0,0
930,1,1,1,1,0,1,1,1,2,1
931,1,1,1,1,1,0,1,1,2,1
932,1,1,1,1,0,0,1,1,2,1
933,1,1,1,1,1,1,0,1,2,1
934,1,1,1,1,0,0,1,1,2,0
935,1,1,1,1,0,0,0,1,2,1
936,1,1,1,0,1,0,1,1,2,1
937,1,1,1,1,0,1,0,1,2,0
938,1,1,1,1,1,0,1,1,2,1
939,1,1,1,1,0,0,1,1,2,1
940,1,1,1,1,1,0,0,1,2,1
941,1,1,1,0,1,0,0,1,2,1
942,0,1,1,1,0,1,0,1,1,0
943,1,1,1,1,0,0,0,1,2,1
944,1,1,1,1,0,1,0,1,2,0
945,0,1,1,1,0,1,1,1,2,0
946,1,1,1,1,0,1,1,1,2,1
947,0,1,1,0,0,1,1,0,1,0
948,1,1,1,1,1,0,1,1,2,1
949,1,1,1,1,1,0,1,1,2,1
950,1,1,1,1,1,1,1,1,2,0
951,1,1,1,1,1,0,1,0,2,1
952,1,1,1,1,1,0,1,1,2,1
953,1,1,1,0,1,1,1,1,2,1
954,1,1,1,1,1,1,1,1,2,1
955,1,1,1,1,1,1,1,1,1,1
956,0,1,1,1,0,1,1,1,2,1
957,1,1,1,1,1,1,1,1,2,1
958,1,1,1,1,0,0,1,1,1,1
959,0,0,1,0,0,1,1,0,1,0
960,1,1,1,1,1,0,1,1,2,1
961,1,1,1,1,0,0,1,1,2,1
962,0,1,1,0,0,1,1,1,1,1
963,1,1,1,1,1,0,1,1,2,1
964,1,1,1,1,0,0,1,1,2,1
965,1,1,1,0,0,0,1,1,2,0
966,0,1,1,0,0,0,1,1,0,0
967,1,1,1,1,0,1,1,1,2,1
968,1,1,1,1,1,1,1,1,2,1
969,1,1,1,0,0,0,0,0,2,0
970,1,1,1,1,0,1,1,0,2,1
971,0,1,1,1,0,1,1,1,2,1
972,1,1,1,1,0,0,1,1,1,0
973,1,1,1,1,1,0,1,1,2,1
974,1,1,1,0,1,1,1,1,2,1
975,1,1,1,1,0,1,1,1,2,1
976,1,1,1,0,0,1,1,1,2,1
977,1,1,1,1,0,0,1,1,2,1
978,0,1,1,1,0,1,1,1,1,1
979,1,1,1,1,1,0,0,1,2,1
980,1,1,1,1,0,0,1,1,2,1
981,0,1,1,1,0,0,1,1,1,0
982,1,1,1,1,1,0,1,1,2,1
983,1,1,1,1,1,0,1,1,2,1
984,1,1,1,1,0,1,1,1,2,1
985,1,1,1,0,1,0,1,1,2,1
986,1,1,1,1,0,0,1,0,2,0
987,1,1,1,1,1,0,1,1,2,0
988,0,1,1,0,0,0,1,0,2,0
989,1,1,1,1,0,0,0,0,1,0
990,1,1,1,1,0,1,0,1,2,0
991,1,1,1,1,1,0,1,1,2,1
992,1,1,1,1,0,0,0,1,1,1
993,1,1,1,1,0,0,1,1,1,1
994,1,1,1,1,1,1,1,1,2,1
995,1,1,1,1,0,0,0,0,2,1
996,1,1,1,1,0,1,1,0,2,1
997,1,1,1,1,1,1,0,1,1,1
998,1,1,1,1,0,0,1,1,2,1
999,0,1,0,0,0,0,1,1,1,0
1000,1,1,1,1,0,1,1,1,2,0
1001,1,1,1,1,0,0,0,1,2,0
1002,1,1,1,0,1,1,1,1,2,1
1003,1,1,0,1,0,0,1,1,1,1
1004,1,1,1,1,0,0,1,1,2,1
1005,1,1,1,1,1,1,1,1,2,1
1006,0,1,1,1,0,1,1,1,2,0
1007,1,1,1,1,0,1,1,1,2,1
1008,1,1,1,0,1,0,0,1,2,1
1009,0,1,0,0,0,0,1,0,2,0
1010,1,1,1,1,0,1,1,1,0,1
1011,1,1,1,1,0,1,1,1,2,1
1012,1,1,1,1,1,1,1,1,2,1
1013,1,1,1,0,0,0,1,1,2,0
1014,0,1,0,0,0,0,1,0,1,0
1015,1,1,1,1,1,1,0,1,1,1
1016,1,1,1,0,0,1,1,1,2,1
1017,1,1,1,1,0,1,1,1,2,1
1018,0,1,1,1,0,1,1,1,1,0
1019,1,1,1,1,1,1,0,0,0,1
1020,1,1,1,1,1,1,1,1,2,1
1021,1,1,1,1,1,1,1,1,2,1
1022,1,1,1,0,0,0,0,1,1,0
1023,1,1,1,1,1,1,0,1,2,1
1024,1,1,1,1,0,1,0,1,2,1
1025,1,1,1,1,0,1,0,1,2,1
1026,1,1,1,1,0,1,1,1,2,1
1027,0,1,1,1,0,1,1,1,2,1
1028,1,1,1,0,1,1,0,1,2,1
1029,0,1,1,1,1,0,0,1,1,0
1030,1,1,1,0,0,0,1,1,1,1
1031,1,1,1,0,0,1,1,1,2,1
1032,1,1,1,1,0,1,1,1,2,1
1033,1,1,1,0,0,0,1,1,2,1
1034,0,1,1,1,0,1,1,1,2,0
1035,1,1,1,1,1,1,1,1,2,0
1036,1,1,1,1,1,1,0,1,2,1
1037,1,1,1,1,1,0,0,1,2,1
1038,1,0,1,1,1,1,1,1,1,0
1039,1,1,1,1,1,1,1,1,2,1
1040,1,1,1,1,1,1,1,1,2,1
1041,0,1,1,1,0,0,1,0,1,0
1042,1,1,1,1,0,0,1,1,2,1
1043,1,1,1,0,1,0,0,1,2,1
1044,1,1,1,0,0,1,1,1,2,0
1045,1,1,1,1,0,0,0,0,2,0
1046,1,1,1,1,0,1,1,1,2,1
1047,1,1,1,1,1,0,1,1,2,1
1048,1,1,1,1,1,1,0,1,2,1
1049,1,1,1,1,1,0,0,1,2,1
1050,0,0,0,0,0,0,0,0,0,0
1051,1,1,1,1,0,1,1,1,1,1
1052,1,1,1,1,1,1,1,1,2,1
1053,1,1,1,1,1,1,0,1,2,1
1054,1,1,1,1,1,0,1,1,2,1
1055,1,1,1,1,0,1,1,1,2,1
1056,1,1,1,1,0,0,1,1,1,0
1057,1,1,1,0,0,1,1,0,1,0
1058,1,1,1,1,0,1,1,0,1,0
1059,1,1,1,1,0,1,1,1,2,1
1060,1,1,1,1,0,0,1,1,2,0
1061,1,1,1,1,0,0,1,1,2,1
1062,0,1,1,1,0,1,1,1,1,0
1063,1,1,1,1,1,0,1,1,2,1
1064,1,1,1,1,0,1,1,1,2,1
1065,1,1,1,1,1,1,1,1,2,1
1066,1,1,1,1,0,0,1,0,1,0
1067,1,1,1,0,1,1,1,1,2,1
1068,0,1,0,1,0,0,1,0,1,0
1069,1,1,1,1,0,1,1,1,2,1
1070,1,0,1,0,0,0,1,1,1,0
1071,1,1,0,0,0,0,1,1,2,0
1072,1,1,1,1,1,0,1,1,2,1
1073,1,1,1,1,0,1,1,1,2,1
1074,1,1,1,1,1,0,1,1,2,1
1075,1,1,1,1,0,1,1,1,2,0
1076,1,1,1,1,1,1,1,1,2,1
1077,1,1,1,0,0,1,1,1,1,1
1078,1,1,1,1,1,0,1,1,2,1
1079,1,1,1,1,1,0,1,1,2,1
1080,1,1,1,1,0,0,1,1,2,1
1081,1,1,1,1,0,1,1,1,2,0
1082,1,1,1,0,1,1,0,1,0,1
1083,0,1,1,1,0,0,1,1,2,0
1084,1,1,1,1,0,0,1,1,2,0
1085,1,1,1,1,1,0,1,1,2,1
1086,1,1,1,1,0,1,1,0,0,1
1087,1,1,1,1,0,1,1,1,2,1
1088,0,1,1,1,0,0,1,0,2,0
1089,0,1,1,0,1,0,1,0,1,0
1090,1,1,1,1,1,0,0,0,2,1
1091,1,1,1,0,1,0,1,1,2,1
1092,0,1,1,1,0,1,1,0,0,0
1093,1,1,1,1,0,0,1,1,2,1
1094,1,1,1,1,0,0,1,1,2,1
1095,1,1,1,1,1,0,1,1,0,0
1096,1,1,1,0,1,1,1,1,2,1
1097,1,1,1,0,1,1,1,1,2,1
1098,1,1,1,1,0,1,1,1,1,0
1099,1,1,1,1,0,1,1,1,1,1
1100,1,1,1,1,1,1,1,1,2,1
1101,1,1,1,1,0,1,1,1,2,1
1102,0,1,1,0,0,0,1,0,2,0
1103,1,1,1,0,0,1,1,1,2,1
1104,1,1,1,1,1,0,1,1,2,1
1105,1,1,1,1,1,0,1,1,2,1
1106,0,1,0,1,0,0,1,0,1,0
1107,1,1,1,1,1,0,1,1,2,1
1108,1,1,1,1,0,1,1,1,2,1
1109,1,1,1,1,0,0,1,1,1,0
1110,1,1,1,1,0,0,1,1,1,0
1111,1,1,1,1,1,0,1,1,2,1
1112,1,1,1,0,1,0,0,1,2,1
1113,1,1,1,0,0,1,1,1,1,0
1114,0,1,1,1,0,0,1,1,1,0
1115,0,1,1,1,0,0,1,1,1,0
1116,1,1,1,0,0,0,1,1,2,0
1117,0,1,1,0,0,0,1,0,1,0
1118,1,1,1,1,0,1,0,1,1,1
1119,0,1,1,1,0,0,1,1,2,1
1120,0,0,0,1,0,0,0,0,2,0
1121,1,1,1,1,1,1,1,1,2,1
1122,1,1,1,1,0,0,0,1,2,1
1123,1,1,1,1,0,1,0,1,2,0
1124,1,1,1,0,1,1,1,1,2,1
1125,0,1,1,1,0,1,1,1,1,1
1126,0,1,1,0,0,1,1,1,1,1
1127,1,1,1,1,1,1,1,1,2,1
1128,1,1,1,1,1,0,0,1,2,1
1129,1,1,1,1,0,1,1,1,1,1
1130,1,1,1,1,0,0,1,1,2,1
1131,1,1,1,0,0,0,1,1,1,0
1132,1,1,1,1,1,1,1,1,1,1
1133,0,1,1,0,0,1,0,1,2,0
1134,1,1,1,1,1,0,1,1,2,1
1135,1,1,1,0,0,0,1,1,2,1
1136,0,1,1,1,0,1,1,0,2,0
1137,1,1,1,1,1,1,1,1,0,1
1138,0,0,0,1,0,0,1,0,1,0
1139,1,1,1,1,0,0,1,1,2,1
1140,1,1,1,1,0,0,0,1,1,0
1141,0,1,0,0,0,1,1,0,1,0
1142,0,1,1,1,1,1,1,1,2,1
1143,0,1,1,1,0,0,1,0,1,1
1144,1,1,1,1,1,0,1,1,2,0
1145,1,1,1,1,0,1,1,1,2,1
1146,0,1,0,1,0,1,1,1,1,0
1147,1,1,1,1,1,0,1,1,2,1
1148,0,1,1,0,0,0,1,0,1,0
1149,1,1,1,0,0,1,1,1,1,1
1150,1,1,1,1,0,0,1,1,1,1
1151,1,1,1,1,0,0,1,1,2,1
1152,1,1,1,1,1,0,1,1,1,0
1153,1,1,1,1,1,1,1,1,1,1
1154,1,1,1,1,1,1,1,1,2,1
1155,1,1,1,0,0,0,1,1,2,1
1156,1,1,1,1,1,1,1,1,2,1
1157,1,1,1,1,1,1,1,1,2,1
1158,1,1,1,1,0,0,1,1,2,1
1159,1,1,1,1,1,0,1,1,2,1
1160,1,1,1,0,0,0,1,1,1,0
1161,1,1,1,1,1,1,0,1,2,1
1162,1,1,1,1,1,0,1,1,2,1
1163,1,1,1,1,0,1,0,1,2,1
1164,1,1,1,0,1,0,0,1,2,1
1165,1,1,1,1,0,1,1,1,1,0
1166,1,1,1,1,0,1,1,1,2,0
1167,0,1,1,0,0,0,0,1,2,1
1168,1,1,1,1,1,1,1,1,2,1
1169,1,1,1,0,0,0,1,1,2,1
1170,1,1,0,1,0,1,1,1,1,1
1171,1,1,1,1,1,1,1,1,2,1
1172,1,1,1,1,0,1,1,1,1,1
1173,1,0,0,0,0,0,0,0,0,0
1174,1,1,1,1,1,1,1,1,2,1
1175,0,1,0,1,0,1,1,1,1,1
1176,1,0,1,1,0,0,1,1,2,1
1177,1,1,1,1,0,1,1,1,2,1
1178,0,1,0,0,0,1,0,0,0,0
1179,0,1,0,0,0,1,1,0,1,0
1180,1,1,1,1,0,0,1,0,1,0
1181,1,1,1,0,0,0,0,1,1,0
1182,1,1,1,1,0,0,1,1,1,1
1183,1,1,1,1,0,1,1,1,2,1
1184,1,1,1,0,0,1,1,1,2,1
1185,1,1,1,1,0,0,0,1,2,1
1186,1,1,1,1,0,0,1,1,2,1
1187,0,1,1,1,0,1,0,1,1,0
1188,0,1,1,1,0,1,1,0,1,0
1189,0,1,1,1,0,1,0,1,1,0
1190,0,1,1,1,0,1,1,1,1,1
1191,1,1,1,1,0,1,1,1,1,0
1192,0,1,1,1,1,1,0,1,2,1
1193,1,1,1,1,1,1,1,1,2,0
1194,0,1,1,1,0,1,1,1,2,1
1195,1,1,1,0,0,1,1,1,2,1
1196,1,1,1,1,0,0,1,1,1,1
1197,1,1,1,1,0,1,1,1,1,1
1198,1,1,1,1,1,1,0,1,2,0
1199,1,1,1,1,1,0,1,1,2,1
1200,1,1,1,1,1,0,1,1,2,1
1201,1,1,1,1,0,0,1,0,1,0
1202,1,1,1,1,1,0,0,1,2,1
1203,1,1,1,1,1,0,1,1,2,0
1204,1,1,1,0,0,0,1,1,2,1
1205,0,1,0,0,0,0,1,0,1,0
1206,1,1,1,0,0,1,1,1,2,0
1207,0,1,1,1,0,0,0,1,1,0
1208,1,1,1,1,1,1,1,1,2,1
1209,1,1,1,1,1,0,1,1,2,0
1210,1,1,1,1,1,0,0,1,2,1
1211,0,1,1,0,0,1,1,1,2,0
1212,1,1,1,1,0,0,1,1,2,1
1213,1,1,1,1,1,0,0,1,2,1
1214,1,1,1,0,0,0,1,1,2,1
1215,1,1,1,1,1,1,1,1,2,1
1216,0,1,1,1,0,0,1,0,1,0
1217,1,1,1,1,1,1,0,1,2,1
1218,1,1,1,1,0,0,1,0,2,1
1219,0,1,1,1,0,0,1,1,1,0
1220,1,1,1,0,1,0,1,1,2,1
1221,1,1,1,1,0,0,1,1,2,1
1222,1,0,1,1,0,0,1,1,1,0
1223,1,1,1,1,0,0,0,1,1,0
1224,1,1,1,1,0,0,1,1,2,1
1225,1,1,1,1,0,1,0,0,1,0
1226,1,1,1,1,0,0,1,0,1,1
1227,1,1,1,1,0,1,1,1,1,1
1228,0,1,1,1,0,1,1,1,2,0
1229,1,1,1,1,0,1,0,1,2,1
1230,1,1,1,1,0,0,1,1,1,0
1231,0,1,0,1,0,0,0,0,1,0
1232,1,1,1,1,0,0,1,1,2,1
1233,1,1,1,1,0,0,0,1,2,1
1234,1,1,1,1,1,0,0,1,1,1
1235,1,1,1,1,0,1,1,0,1,1
1236,1,1,1,0,0,1,1,1,2,1
1237,1,1,0,1,0,0,1,0,1,0
1238,0,1,0,0,0,0,1,1,2,0
1239,1,1,1,1,0,0,0,1,2,1
1240,1,1,1,1,0,1,1,1,2,1
1241,1,1,1,1,0,0,1,1,2,1
1242,1,1,1,1,0,0,1,1,2,1
1243,1,1,1,1,0,1,1,1,2,1
1244,0,1,1,1,1,0,0,1,2,0
1245,1,1,1,1,1,0,0,1,1,1
1246,0,0,0,0,0,0,0,0,1,0
1247,1,1,0,1,0,0,0,0,1,0
1248,1,0,1,0,0,0,0,1,2,0
1249,1,1,1,0,0,0,1,0,1,0
1250,1,1,1,0,0,0,1,0,1,0
1251,0,0,0,0,0,0,1,0,1,0
1252,1,1,0,1,0,0,0,0,1,0
1253,0,0,0,0,0,0,0,0,1,0
1254,1,0,0,0,0,0,0,0,1,0
1255,0,1,0,0,0,1,1,0,1,0
1256,0,1,0,0,0,1,1,0,1,0
1257,1,1,1,0,1,0,1,1,2,1
1258,1,1,1,1,0,1,1,1,2,1
1259,1,1,1,0,0,0,1,1,2,0
1260,1,1,1,1,1,1,1,1,2,1
1261,1,1,1,1,1,1,1,1,2,1
1262,1,1,1,1,0,1,1,1,2,1
1263,1,1,1,0,1,1,1,1,2,1
1264,1,1,1,1,1,0,1,1,2,1
1265,1,1,1,1,0,0,1,1,2,1
1266,1,1,1,0,1,1,1,1,2,1
1267,1,1,1,1,0,0,1,1,2,1
1268,1,1,1,1,0,0,1,1,1,0
1269,1,1,1,1,0,0,1,1,2,0
1270,1,1,1,1,1,0,1,1,2,0
1271,1,1,1,1,0,0,0,1,2,1
1272,1,1,1,1,0,0,1,1,1,1
1273,1,1,1,0,0,0,0,1,1,1
1274,0,0,0,1,1,1,0,0,2,0
1275,1,1,1,1,0,0,1,0,1,0
1276,1,1,1,0,1,0,1,1,2,1
1277,1,1,1,1,0,0,1,1,2,1
1278,1,1,1,1,1,1,1,1,2,1
1279,1,1,1,1,1,0,1,1,2,1
1280,0,1,1,0,0,0,1,0,2,0
1281,1,1,1,0,0,1,1,1,2,1
1282,1,1,1,1,1,1,1,0,2,1
1283,1,1,1,1,0,0,0,1,1,1
1284,1,1,1,1,1,1,0,1,2,1
1285,0,0,1,1,0,0,1,1,2,0
1286,1,1,1,1,1,0,0,1,2,1
1287,1,1,1,0,1,0,1,1,2,1
1288,1,1,1,1,1,1,0,1,2,1
1289,1,1,1,0,1,0,1,1,2,1
1290,1,1,1,0,0,0,1,1,2,0
1291,1,1,1,1,0,1,1,1,2,1
1292,1,1,1,1,0,0,1,1,2,1
1293,1,1,1,0,1,1,0,1,2,1
1294,1,1,1,1,1,0,0,1,2,1
1295,1,1,1,1,1,0,1,0,2,1
1296,0,1,1,1,0,1,1,1,1,0
1297,1,1,1,1,1,1,0,1,1,1
1298,0,1,0,0,0,0,1,0,1,0
1299,1,1,1,1,0,0,1,1,1,1
1300,0,1,1,1,0,0,1,0,2,0
1301,1,1,1,0,1,0,0,1,2,0
1302,1,1,1,1,0,0,0,1,2,1
1303,1,1,1,1,0,1,1,1,2,0
1304,1,1,1,1,1,1,1,1,1,1
1305,1,1,1,0,0,1,1,1,1,0
1306,1,0,1,1,0,1,1,1,1,0
1307,1,1,1,1,0,0,0,1,2,1
1308,1,1,1,1,0,1,1,1,1,1
1309,1,1,1,0,1,0,0,1,1,1
1310,0,1,1,1,1,1,1,1,2,1
1311,1,1,1,1,0,0,1,1,1,1
1312,0,1,0,0,0,0,1,0,2,0
1313,1,1,1,1,1,0,1,0,2,0
1314,0,1,1,1,0,1,1,1,2,0
1315,1,1,1,1,0,1,1,1,1,1
1316,1,1,1,1,1,0,1,0,2,0
1317,1,1,1,1,1,1,1,1,2,1
1318,1,1,1,1,0,0,1,1,2,0
1319,1,1,1,0,1,0,1,0,2,1
1320,1,1,1,1,0,0,0,1,2,1
1321,1,1,1,0,0,1,1,1,2,1
1322,1,1,1,1,1,1,1,1,2,1
1323,1,1,1,1,0,1,1,1,2,0
1324,0,1,1,1,0,1,1,1,1,0
1325,1,1,1,1,1,0,1,0,2,1
1326,1,1,1,1,1,1,1,1,2,1
1327,1,1,1,1,0,0,0,1,1,1
1328,0,0,0,0,0,1,1,0,1,1
1329,1,1,1,0,0,0,1,1,2,1
1330,1,1,1,1,0,1,1,0,1,0
1331,1,1,1,1,1,1,0,1,2,1
1332,1,1,1,1,0,1,1,1,0,1
1333,0,1,0,0,0,0,0,0,1,0
1334,1,1,1,1,0,0,1,1,2,1
1335,1,1,1,1,0,1,1,1,2,1
1336,1,1,1,1,0,1,1,1,2,0
1337,1,1,1,1,1,1,0,1,2,1
1338,0,0,1,0,0,1,1,1,0,0
1339,1,1,1,1,0,0,1,1,2,1
1340,1,1,1,0,0,0,0,1,2,1
1341,0,1,1,1,0,1,1,1,2,1
1342,1,1,1,1,1,0,0,1,2,1
1343,1,1,1,0,1,0,0,1,2,0
1344,1,1,1,1,0,0,1,1,1,0
1345,1,1,1,1,0,0,1,1,2,1
1346,1,1,1,1,0,1,1,1,0,1
1347,1,1,1,1,1,0,0,1,2,1
1348,0,1,1,1,0,0,0,0,1,0
1349,1,1,1,1,0,0,1,1,2,1
1350,1,1,1,1,1,1,1,1,2,1
1351,0,1,1,1,0,1,1,1,1,0
1352,1,1,1,0,0,1,1,1,2,1
1353,1,1,1,1,1,1,1,1,2,1
1354,1,1,1,1,0,1,0,1,2,1
1355,1,1,1,0,0,1,0,1,2,1
1356,1,1,1,1,1,1,1,1,2,1
1357,1,1,1,1,0,1,1,1,1,1
1358,1,1,1,1,1,0,0,1,2,1
1359,1,1,1,1,0,0,1,1,1,1
1360,1,1,1,0,0,0,1,1,2,1
1361,1,1,1,1,0,1,0,0,1,0
1362,1,1,1,1,1,0,0,1,2,1
1363,1,1,1,1,1,0,0,1,2,1
1364,1,1,1,1,1,0,0,0,2,0
1365,1,1,1,1,0,0,0,1,2,0
1366,1,1,1,0,0,0,1,1,2,0
1367,1,1,1,1,1,1,1,1,2,1
1368,1,1,1,1,1,1,1,1,2,0
1369,1,1,1,0,0,1,1,1,2,0
1370,1,1,1,1,0,0,1,1,2,1
1371,1,1,1,0,1,0,1,1,2,1
1372,0,1,1,1,0,0,1,0,1,0
1373,0,0,0,0,0,0,1,0,0,0
1374,1,1,1,1,0,0,1,1,2,1
1375,0,1,1,0,0,0,0,1,2,0
1376,1,1,1,1,1,0,0,1,2,1
1377,1,1,1,1,1,1,0,1,0,1
1378,1,1,1,1,1,0,0,1,2,1
1379,1,1,1,1,0,1,0,1,2,1
1380,1,1,1,1,1,1,1,1,2,1
1381,1,1,1,1,1,0,0,1,2,1
1382,1,1,1,1,0,0,0,1,2,0
1383,1,1,1,1,0,1,1,1,1,0
1384,1,1,1,1,0,0,1,0,1,1
1385,1,1,1,1,0,0,1,1,2,1
1386,0,1,1,1,1,1,0,0,0,0
1387,0,1,1,1,0,0,0,1,2,0
1388,1,1,1,0,1,0,1,1,2,1
1389,1,1,1,1,1,0,0,1,2,1
1390,1,1,1,1,1,0,1,1,2,1
1391,0,1,1,1,1,1,1,1,2,1
1392,1,1,1,0,0,1,1,1,1,1
1393,0,1,1,1,0,0,1,1,1,0
1394,1,1,1,1,1,1,0,1,2,1
1395,1,1,1,1,1,0,1,1,2,1
1396,1,1,1,1,1,0,1,1,2,0
1397,1,1,1,1,0,0,1,1,1,0
1398,1,1,1,0,1,1,1,1,2,1
1399,0,1,1,1,0,1,1,0,1,0
1400,1,1,1,0,0,0,1,0,1,0
1401,1,1,1,1,1,0,1,1,2,1
1402,1,1,1,1,1,1,1,1,2,1
1403,1,1,1,1,0,1,0,1,2,1
1404,1,1,1,1,1,1,1,1,2,1
1405,1,1,1,0,0,1,1,1,1,0
1406,1,1,1,1,0,0,0,1,1,1
1407,0,1,1,0,0,0,1,0,0,0
1408,1,1,1,1,0,0,1,1,2,1
1409,1,1,1,0,0,0,1,1,2,0
1410,1,1,1,1,1,0,1,1,2,0
1411,0,1,1,0,0,0,1,1,2,0
1412,0,1,1,0,0,1,0,0,2,0
1413,1,1,1,0,0,1,1,1,2,1
1414,1,1,1,1,1,1,1,1,2,1
1415,0,1,0,1,0,1,1,1,0,0
1416,1,1,1,1,0,0,1,1,1,1
1417,1,1,1,1,0,0,1,1,1,1
1418,1,1,1,1,0,0,1,1,2,1
1419,1,1,1,1,1,0,0,1,2,1
1420,1,1,1,1,0,0,0,1,2,1
1421,0,1,1,1,0,0,1,1,2,0
1422,1,1,1,1,0,0,1,1,2,1
1423,1,1,1,0,0,1,1,0,2,1
1424,1,1,1,1,1,1,1,1,2,1
1425,1,1,1,1,1,0,1,1,2,1
1426,0,1,1,0,0,1,1,0,0,0
1427,1,1,1,1,0,1,0,1,1,1
1428,1,1,1,0,0,1,1,1,0,0
1429,1,1,1,1,1,1,1,1,2,1
1430,1,1,1,1,0,1,1,1,2,1
1431,1,1,1,1,0,1,1,1,2,1
1432,1,1,1,1,1,0,1,1,2,1
1433,0,1,1,1,1,1,0,1,2,1
1434,1,1,1,1,0,1,1,1,2,1
1435,1,1,1,1,1,1,0,1,2,1
1436,1,1,1,0,1,0,1,1,2,1
1437,1,1,1,1,1,0,1,1,2,1
1438,1,1,1,1,1,0,1,1,2,1
1439,0,1,1,1,0,0,1,1,2,0
1440,1,1,1,1,0,1,1,1,2,1
1441,1,1,1,1,0,0,1,1,1,0
1442,1,1,1,1,0,1,1,1,2,1
1443,1,1,1,1,0,1,1,1,2,1
1444,1,1,1,0,0,0,0,1,1,0
1445,1,1,1,1,0,0,1,1,2,1
1446,1,1,1,1,1,0,1,1,2,1
1447,1,1,1,1,1,0,1,0,1,0
1448,1,1,1,1,0,1,1,1,2,1
1449,0,1,1,1,0,1,1,1,2,1
1450,1,1,1,1,0,0,1,1,2,1
1451,1,1,1,1,0,0,1,1,2,1
1452,1,1,1,1,1,0,0,1,2,1
1453,1,1,1,1,0,1,1,1,2,1
1454,1,1,1,1,0,0,1,1,2,1
1455,0,1,1,0,0,1,1,1,2,0
1456,1,1,1,1,1,1,0,1,1,1
1457,1,1,1,1,0,1,0,1,2,1
1458,0,1,1,1,0,1,1,1,1,0
1459,1,1,1,1,0,0,0,1,2,1
1460,0,1,1,1,0,0,1,1,2,1
1461,1,1,1,1,0,0,1,0,2,0
1462,1,1,1,1,0,1,1,1,1,1
1463,0,1,1,0,0,0,1,0,2,0
1464,1,0,1,0,0,0,0,1,1,0
1465,1,1,1,1,0,1,1,1,2,1
1466,1,1,1,1,0,0,1,1,2,0
1467,1,1,1,1,0,0,0,1,2,1
1468,1,1,1,1,0,1,1,1,2,1
1469,1,1,1,1,0,1,1,1,2,1
1470,1,1,1,0,1,0,0,1,2,1
1471,1,1,1,1,0,1,1,0,0,0
1472,1,1,1,1,0,1,1,1,2,1
1473,1,1,1,1,1,1,1,0,2,0
1474,1,1,1,1,0,1,1,1,1,1
1475,1,1,1,1,1,0,1,1,2,1
1476,1,1,1,1,1,0,1,1,2,1
1477,1,1,1,1,0,1,1,0,1,0
1478,1,1,1,1,1,0,1,1,2,1
1479,1,1,1,0,0,1,1,0,2,1
1480,1,1,1,1,0,0,0,0,0,0
1481,0,1,1,1,0,1,1,0,0,0
1482,1,1,1,1,0,1,1,1,1,0
1483,1,1,1,1,1,0,1,1,2,1
1484,1,1,1,1,0,0,1,0,1,0
1485,1,1,1,1,1,0,1,1,2,1
1486,1,1,1,1,0,1,1,1,2,1
1487,1,1,1,1,0,0,0,1,2,0
1488,1,1,1,1,0,0,0,1,2,1
1489,1,1,1,1,0,0,1,1,2,1
1490,1,1,1,1,0,1,1,1,2,1
1491,1,1,1,1,1,0,0,1,2,1
1492,1,1,1,1,1,0,1,0,2,1
1493,1,1,1,1,1,1,1,1,2,1
1494,1,1,1,1,1,1,1,1,2,1
1495,1,1,1,1,1,0,0,1,2,1
1496,1,1,1,1,1,0,1,1,1,1
1497,1,1,1,1,1,1,1,1,2,1
1498,0,1,1,1,0,1,1,1,1,0
1499,1,1,1,1,0,0,1,1,2,1
1500,1,1,1,0,1,0,1,1,2,1
1501,1,1,1,1,1,0,0,1,2,1
1502,0,1,0,1,0,1,1,1,1,0
1503,1,1,1,1,0,1,1,1,1,0
1504,0,1,1,0,0,0,1,1,1,0
1505,0,1,1,0,0,1,1,0,1,0
1506,1,1,1,0,0,1,1,1,2,1
1507,0,1,1,1,0,0,0,1,1,0
1508,1,1,1,1,0,0,1,1,2,1
1509,1,1,1,1,0,1,1,0,1,1
1510,1,1,1,1,1,0,1,1,2,1
1511,0,1,0,1,0,0,1,1,2,1
1512,1,1,1,1,0,1,1,1,1,1
1513,1,1,1,1,1,1,1,1,2,1
1514,1,1,1,1,0,0,1,1,2,1
1515,1,1,1,1,0,1,1,1,2,1
1516,0,1,1,1,0,0,1,0,1,0
1517,1,1,1,0,1,1,0,1,2,1
1518,1,1,1,1,1,1,0,0,2,1
1519,1,1,1,1,0,1,1,0,2,1
1520,1,1,1,1,0,0,1,1,2,1
1521,1,1,1,1,0,0,1,1,1,1
1522,1,1,1,0,0,0,1,1,2,1
1523,0,1,1,1,0,0,0,1,1,1
1524,1,1,1,1,0,0,1,1,2,1
1525,1,1,1,1,1,0,1,1,2,1
1526,1,1,1,1,0,1,1,1,1,0
1527,0,1,1,1,0,0,1,1,1,0
1528,1,1,1,1,0,1,1,1,2,1
1529,1,1,1,1,0,0,1,0,1,1
1530,1,1,1,0,0,1,1,1,2,1
1531,0,1,1,1,0,0,1,0,0,0
1532,1,1,1,1,1,0,1,1,2,0
1533,1,1,1,1,0,0,1,1,2,1
1534,1,1,1,0,0,0,0,1,2,1
1535,1,1,1,0,1,1,1,1,2,1
1536,1,1,1,1,0,1,1,1,2,1
1537,1,1,1,0,0,0,1,1,2,1
1538,1,1,1,1,0,0,0,1,2,1
1539,1,1,1,1,0,1,1,0,2,1
1540,1,1,1,0,0,1,1,0,1,0
1541,1,1,1,1,1,0,1,1,2,1
1542,0,1,1,1,0,0,0,0,2,1
1543,1,1,1,1,1,0,1,1,2,1
1544,0,1,1,1,0,1,1,1,1,0
1545,0,1,1,1,1,1,1,1,0,0
1546,1,1,1,0,0,0,1,1,2,0
1547,1,1,1,1,0,0,1,1,2,1
1548,1,1,1,1,1,0,1,1,2,1
1549,1,1,1,1,0,1,1,1,2,1
1550,1,1,1,1,0,0,0,1,1,1
1551,1,1,1,1,0,1,1,0,2,0
1552,0,1,1,0,0,0,1,1,2,0
1553,0,1,0,0,0,1,1,0,1,0
1554,1,1,1,1,0,0,0,1,2,1
1555,0,1,0,1,0,0,1,1,2,0
1556,1,1,1,1,1,0,1,1,2,1
1557,1,1,1,1,1,0,1,1,2,1
1558,1,1,1,0,1,1,0,1,2,0
1559,1,1,1,1,1,1,0,1,1,1
1560,1,1,1,0,0,1,0,1,1,1
1561,1,1,1,1,0,0,1,1,2,1
1562,0,1,1,1,0,1,1,1,2,0
1563,0,1,1,1,0,1,1,1,0,0
1564,0,1,1,1,0,0,1,1,1,0
1565,1,1,1,1,0,1,0,1,2,1
1566,1,1,1,0,0,1,1,1,1,0
1567,1,1,1,1,0,1,1,1,2,1
1568,1,1,1,0,0,0,1,0,2,0
1569,1,1,1,1,1,0,1,1,2,1
1570,1,1,1,1,1,0,0,0,2,1
1571,1,1,1,1,1,0,1,1,2,1
1572,1,1,1,1,0,0,1,1,1,0
1573,0,1,1,1,0,1,1,1,1,0
1574,1,1,1,1,1,1,1,1,2,1
1575,0,1,1,1,1,0,1,0,2,0
1576,1,1,1,0,0,0,0,1,2,1
1577,0,1,1,0,0,1,1,0,1,1
1578,1,1,1,1,0,0,1,1,2,1
1579,1,1,1,1,1,1,1,1,2,1
1580,1,1,1,0,0,1,1,0,2,1
1581,1,1,1,1,1,1,1,1,2,1
1582,1,1,1,1,1,0,1,1,2,1
1583,1,1,1,0,1,1,0,1,2,1
1584,1,1,1,1,0,0,1,1,1,1
1585,1,1,1,1,0,0,1,1,2,1
1586,0,1,1,0,1,0,1,1,0,0
1587,1,1,0,0,0,0,1,1,1,0
1588,1,1,1,0,0,1,1,1,0,1
1589,1,1,1,1,1,1,1,1,2,1
1590,0,1,1,1,0,0,1,1,1,0
1591,0,1,1,1,1,1,1,1,0,1
1592,1,1,0,1,0,0,0,1,2,1
1593,1,1,1,1,0,1,1,1,2,1
1594,0,1,0,0,0,0,1,0,0,0
1595,0,1,0,0,0,0,1,0,1,0
1596,1,1,1,1,0,0,1,1,2,1
1597,0,1,1,1,0,0,1,0,1,0
1598,0,1,1,1,0,1,0,1,1,0
1599,1,1,1,1,0,1,1,1,2,1
1600,1,1,1,1,0,1,1,1,1,1
1601,1,1,1,0,0,0,1,0,2,0
1602,1,1,1,1,0,0,0,1,2,1
1603,0,1,1,1,0,0,0,1,1,0
1604,1,1,1,1,1,1,1,1,2,0
1605,0,1,1,1,0,0,1,0,2,0
1606,1,1,1,0,0,0,1,1,1,1
1607,1,1,1,1,0,1,1,1,1,1
1608,1,1,1,1,1,1,0,1,2,1
1609,0,1,1,1,0,0,1,1,2,1
1610,1,1,1,1,1,1,1,1,2,1
1611,1,1,1,1,0,0,1,1,1,1
1612,1,1,1,1,1,0,0,1,2,0
1613,0,1,0,0,0,0,1,1,1,1
1614,0,1,1,0,0,0,1,0,1,0
1615,1,1,1,0,1,0,1,1,2,1
1616,1,1,1,1,0,1,1,1,2,1
1617,1,1,1,1,1,1,0,1,2,1
1618,1,1,1,1,1,0,1,1,2,1
1619,1,1,1,1,1,0,0,1,2,1
1620,1,1,1,1,0,0,1,0,1,0
1621,0,1,1,1,0,0,1,1,1,0
1622,1,1,1,1,1,1,1,1,1,1
1623,1,1,1,1,0,0,1,1,2,1
1624,1,1,1,1,0,0,0,1,2,1
1625,0,1,1,0,0,1,0,1,1,1
1626,1,1,1,0,0,1,1,1,1,1
1627,1,1,1,1,1,0,1,1,2,1
1628,1,1,1,1,0,1,1,1,2,1
1629,1,1,1,1,1,1,1,1,1,1
1630,1,1,1,0,0,0,0,1,2,1
1631,1,1,1,1,1,1,1,1,2,1
1632,0,1,1,0,1,0,1,1,2,0
1633,0,1,1,0,1,1,1,1,1,0
1634,0,1,1,1,0,1,1,1,1,0
1635,1,1,1,1,0,0,1,1,2,1
1636,0,1,0,0,0,1,0,0,2,0
1637,1,1,1,1,1,1,1,1,2,1
1638,1,1,1,1,0,1,1,1,2,1
1639,1,1,1,1,0,1,1,1,1,1
1640,1,1,1,1,1,0,0,1,2,1
1641,1,1,1,1,1,0,1,1,2,1
1642,1,1,1,1,1,0,0,1,2,0
1643,1,1,1,1,1,0,0,1,2,1
1644,1,1,1,1,0,0,1,1,2,1
1645,1,1,1,1,0,1,1,1,2,1
1646,0,1,1,0,0,1,1,0,2,0
1647,1,1,1,1,1,0,1,0,2,1
1648,1,1,1,0,1,1,0,1,2,0
1649,1,1,1,1,0,1,1,1,0,1
1650,1,1,1,1,0,0,1,1,1,1
1651,1,1,1,1,1,0,0,1,2,1
1652,1,1,1,0,1,0,1,1,2,1
1653,1,1,1,1,0,1,1,1,1,1
1654,1,1,1,1,0,0,0,0,1,0
1655,1,1,1,1,1,0,0,1,2,1
1656,1,1,1,0,0,1,1,1,2,1
1657,1,1,1,1,0,1,1,1,2,1
1658,1,1,1,1,0,0,0,1,2,0
1659,0,1,1,0,0,0,1,1,1,0
1660,1,1,1,1,0,1,1,1,2,0
1661,1,1,1,1,1,1,1,1,2,1
1662,1,1,1,1,0,0,1,1,1,1
1663,1,1,1,0,0,1,1,1,2,1
1664,0,0,1,0,0,0,1,1,1,0
1665,1,1,1,1,1,1,1,1,1,1
1666,1,1,1,1,0,0,1,0,1,0
1667,1,1,1,1,1,0,0,1,2,1
1668,1,1,1,1,0,0,1,1,2,1
1669,1,1,0,1,0,1,1,0,2,0
1670,1,1,1,1,1,0,0,1,2,1
1671,1,1,1,1,0,1,0,1,1,0
1672,1,1,1,1,0,0,0,1,1,1
1673,0,1,0,0,0,0,1,1,1,0
1674,1,1,1,1,1,1,1,1,1,1
1675,1,1,1,1,0,0,1,1,2,0
1676,1,1,1,0,0,1,1,1,1,1
1677,1,1,1,1,1,1,0,1,2,1
1678,1,1,1,1,1,0,1,1,2,1
1679,1,1,1,1,0,1,1,1,2,0
1680,0,1,1,1,0,1,1,0,2,0
1681,1,1,1,1,0,0,1,1,2,0
1682,1,1,1,1,1,1,1,1,1,1
1683,1,1,1,1,1,1,1,1,2,1
1684,1,1,1,1,0,1,1,1,2,1
1685,1,1,0,1,0,1,1,1,2,1
1686,1,1,1,1,0,1,1,0,0,0
1687,0,1,1,0,0,0,0,0,1,0
1688,1,1,1,1,1,1,0,1,2,0
1689,1,1,1,1,0,0,1,1,1,0
1690,0,1,1,1,0,0,1,1,1,0
1691,1,1,1,0,1,1,1,1,2,1
1692,1,1,1,1,1,0,1,1,2,1
1693,1,1,1,1,1,1,1,1,2,1
1694,1,1,1,1,0,1,1,1,2,1
1695,1,1,1,0,0,1,1,1,2,1
1696,1,1,1,1,0,1,1,1,1,1
1697,0,1,1,0,0,0,1,0,1,0
1698,0,1,1,1,0,0,1,1,0,1
1699,1,1,1,0,0,0,0,1,2,1
1700,1,1,1,1,1,0,1,1,2,1
1701,1,1,1,1,0,0,1,1,2,1
1702,1,1,1,1,1,1,1,1,2,1
1703,1,1,1,1,0,1,1,1,2,1
1704,1,1,1,1,1,1,1,1,2,1
1705,1,1,1,1,1,0,1,1,1,1
1706,1,1,1,1,0,0,1,1,2,1
1707,0,1,1,0,0,1,1,0,1,1
1708,1,1,1,1,0,1,1,1,2,1
1709,1,1,1,1,1,0,0,1,2,1
1710,1,1,1,1,0,0,1,1,2,1
1711,1,1,1,1,1,0,1,1,2,1
1712,1,1,1,1,0,0,1,1,2,1
1713,1,1,1,1,1,0,1,1,2,1
1714,1,1,1,1,0,1,1,1,1,1
1715,1,1,1,1,0,1,1,1,1,1
1716,0,1,1,1,0,0,1,1,2,0
1717,1,1,1,0,0,1,0,1,2,1
1718,1,0,1,0,0,1,1,1,2,1
1719,1,1,1,1,1,1,1,1,2,1
1720,1,1,1,1,1,0,1,1,2,0
1721,1,1,1,0,0,0,1,1,2,0
1722,1,1,1,1,0,0,1,1,2,0
1723,1,1,1,0,0,0,1,1,1,0
1724,0,1,1,1,0,0,1,0,1,0
1725,1,1,1,0,1,1,0,1,2,1
1726,0,1,1,1,1,0,0,1,1,1
1727,1,1,1,1,0,0,1,1,2,1
1728,1,1,1,1,0,0,1,0,2,0
1729,1,1,1,1,0,0,1,1,2,1
1730,1,1,1,1,0,0,1,1,2,1
1731,1,1,0,1,0,0,1,1,1,0
1732,1,1,1,0,0,0,1,0,1,0
1733,1,1,1,1,1,1,1,1,2,1
1734,1,1,1,0,1,0,0,1,2,1
1735,1,1,1,1,0,0,0,1,2,1
1736,1,1,1,1,1,1,1,1,2,1
1737,1,1,1,1,1,1,0,1,2,1
1738,1,1,1,0,1,1,1,1,2,1
1739,1,1,1,1,0,0,1,1,2,1
1740,0,1,1,1,0,0,1,1,1,0
1741,1,1,1,1,0,0,0,1,2,1
1742,1,1,1,1,0,0,1,1,2,1
1743,1,1,1,1,1,0,1,1,2,1
1744,1,0,1,0,0,1,1,1,2,0
1745,1,1,1,1,0,0,1,0,1,0
1746,1,1,1,1,0,0,0,1,1,1
1747,1,1,1,1,0,0,1,0,2,0
1748,1,1,1,1,0,0,1,0,2,0
1749,1,1,1,0,0,1,1,0,1,0
1750,1,1,1,0,1,1,0,1,2,1
1751,1,1,1,1,0,1,0,1,2,1
1752,0,1,1,1,0,1,1,0,2,0
1753,1,1,1,1,1,0,0,1,2,1
1754,0,1,1,1,0,1,1,1,1,1
1755,1,1,1,0,1,0,1,1,2,1
1756,1,1,1,1,1,1,1,1,2,1
1757,0,0,0,1,0,0,0,1,1,0
1758,1,1,1,1,0,0,0,1,2,1
1759,0,1,1,1,0,0,1,0,2,0
1760,0,1,1,0,0,1,1,1,2,1
1761,1,1,1,1,0,1,1,1,2,1
1762,0,0,1,0,0,1,0,0,1,0
1763,1,1,1,1,1,1,1,0,2,0
1764,1,1,1,0,1,1,1,1,2,1
1765,0,1,1,1,0,0,0,0,1,0
1766,1,1,1,0,0,0,1,1,2,1
1767,1,1,1,1,0,0,0,1,2,1
1768,0,1,1,1,0,0,0,0,2,1
1769,1,1,1,1,1,1,1,1,2,1
1770,1,1,1,1,1,0,1,1,2,1
1771,1,1,1,1,1,0,0,1,2,1
1772,1,1,1,0,0,0,0,1,2,1
1773,0,1,1,1,0,0,1,1,1,0
1774,1,0,1,0,1,0,0,1,2,1
1775,1,1,1,1,1,1,1,1,2,1
1776,1,1,1,1,1,0,1,1,2,1
1777,1,1,1,1,1,0,1,1,2,1
1778,1,1,1,1,0,0,1,1,1,0
1779,1,1,1,0,0,1,1,1,2,0
1780,1,1,1,1,0,0,1,1,1,1
1781,1,1,1,1,1,1,1,1,2,1
1782,1,1,1,1,1,1,1,0,2,0
1783,1,1,1,0,1,0,1,1,2,1
1784,0,1,1,0,0,0,1,0,1,0
1785,0,1,1,0,0,1,1,1,2,1
1786,1,1,1,0,0,0,1,1,2,0
1787,1,1,1,1,0,0,1,1,1,1
1788,1,1,1,1,0,1,1,1,2,1
1789,1,1,1,1,0,1,1,1,2,1
1790,1,1,1,1,0,0,1,1,2,1
1791,1,1,1,1,0,0,1,1,2,1
1792,1,1,1,0,0,0,1,1,2,1
1793,1,1,1,1,0,1,1,1,2,1
1794,1,1,1,1,0,1,1,1,2,1
1795,0,1,0,0,1,0,1,0,2,1
1796,1,1,1,1,0,0,1,1,2,1
1797,1,1,1,1,0,0,1,1,2,0
1798,1,1,1,1,0,1,1,1,1,1
1799,1,1,1,1,0,1,1,1,2,1
1800,1,0,1,0,0,0,1,0,2,1
1801,1,1,1,1,0,0,0,0,2,1
1802,1,1,1,1,0,1,1,1,2,0
1803,1,1,1,1,0,0,0,1,2,1
1804,1,1,1,1,0,0,1,1,2,1
1805,1,1,1,1,0,0,0,1,1,0
1806,1,1,1,1,0,1,1,1,1,1
1807,1,1,1,1,0,0,0,1,1,0
1808,0,1,1,1,0,1,1,1,1,0
1809,1,1,1,0,1,0,1,1,2,0
1810,1,1,1,1,1,1,1,1,2,1
1811,1,1,1,1,1,0,1,1,2,1
1812,0,1,0,1,0,0,0,0,1,0
1813,1,1,1,0,1,0,1,1,2,1
1814,0,1,1,1,1,1,1,1,1,1
1815,1,1,1,1,0,0,1,1,2,1
1816,1,1,1,1,0,0,1,1,2,1
1817,1,1,1,0,1,0,1,0,2,1
1818,1,1,1,1,1,0,0,1,2,0
1819,0,1,1,1,0,0,0,1,1,0
1820,1,1,1,1,1,0,1,1,2,1
1821,1,1,1,1,0,0,0,1,2,0
1822,1,1,1,1,0,1,1,0,1,0
1823,1,1,1,1,1,0,0,1,2,1
1824,1,1,1,0,0,1,1,1,1,0
1825,1,1,1,1,0,0,0,0,1,0
1826,1,1,1,1,1,1,1,1,0,0
1827,1,1,1,1,0,0,1,1,2,1
1828,1,1,1,0,1,1,0,0,2,1
1829,1,1,1,1,1,0,1,1,2,0
1830,1,1,1,1,1,1,1,1,0,1
1831,0,1,1,1,0,0,1,1,1,0
1832,0,1,1,1,0,0,1,1,0,0
1833,1,0,1,1,1,0,1,1,2,1
1834,0,1,0,0,0,1,1,1,1,0
1835,1,1,1,0,0,1,1,1,2,1
1836,0,1,1,0,0,1,1,0,2,0
1837,1,1,1,1,0,1,1,1,2,1
1838,1,0,1,0,0,0,1,1,2,0
1839,1,1,1,1,0,1,1,1,2,1
1840,1,1,1,1,1,1,1,1,2,0
1841,1,1,1,1,0,0,1,1,2,1
1842,1,1,1,1,0,0,1,1,1,0
1843,1,1,1,1,1,0,0,1,2,1
1844,1,1,1,0,0,1,1,1,2,1
1845,1,1,1,1,1,1,0,0,2,1
1846,0,1,1,0,0,1,1,0,2,0
1847,1,1,1,1,0,0,0,1,2,1
1848,1,1,1,0,0,0,1,1,1,0
1849,1,1,1,1,0,0,1,1,2,1
1850,1,1,1,1,0,0,1,1,2,0
1851,1,1,1,1,0,0,1,0,2,0
1852,1,1,1,0,1,0,0,1,2,1
1853,1,1,1,1,0,0,1,1,1,1
1854,1,1,1,0,0,1,0,1,2,1
1855,1,1,1,1,0,0,0,1,2,0
1856,1,1,1,1,0,1,1,0,1,1
1857,0,1,1,1,1,1,1,0,2,0
1858,1,1,1,1,1,0,1,1,2,1
1859,1,1,1,0,1,1,1,1,2,1
1860,1,1,0,0,0,0,0,1,2,0
1861,1,1,1,1,0,1,1,1,2,0
1862,1,1,1,0,0,1,0,1,2,1
1863,1,1,1,0,1,1,1,1,2,1
1864,1,1,1,0,1,0,0,0,2,0
1865,0,1,1,1,0,0,1,1,1,0
1866,1,1,1,1,1,0,0,1,2,1
1867,1,1,1,1,0,1,1,1,2,0
1868,1,1,1,1,0,0,1,1,2,0
1869,1,1,1,1,0,0,1,1,2,1
1870,1,1,1,1,0,1,0,1,2,1
1871,1,1,1,0,0,1,1,1,0,0
1872,1,1,1,1,1,0,1,1,2,1
1873,1,1,1,0,1,0,1,0,2,1
1874,1,1,1,1,0,1,1,0,2,0
1875,0,1,1,1,0,0,1,1,1,0
1876,1,1,1,1,0,1,1,1,1,0
1877,1,1,1,1,0,1,1,1,2,1
